{"inputUnits":[34],"outputUnits":8,"inputs":{"0":{"dtype":"number","min":157.95379846476396,"max":540.9452422026994},"1":{"dtype":"number","min":55.49997767585725,"max":199.6553395044943},"2":{"dtype":"number","min":155.61125046548213,"max":546.2507884697228},"3":{"dtype":"number","min":47.50942126322349,"max":162.4825791533355},"4":{"dtype":"number","min":161.85909167337974,"max":544.0104170624849},"5":{"dtype":"number","min":46.51272428638741,"max":159.81956674894934},"6":{"dtype":"number","min":171.76216570783683,"max":528.5919545689445},"7":{"dtype":"number","min":55.19622446498056,"max":164.5191795260062},"8":{"dtype":"number","min":175.37125049398102,"max":519.0551708830006},"9":{"dtype":"number","min":54.081629890412216,"max":152.3150682263801},"10":{"dtype":"number","min":226.291359036813,"max":508.1952498024076},"11":{"dtype":"number","min":101.49589568260578,"max":246.3409981931694},"12":{"dtype":"number","min":188.98746000653574,"max":456.9205721250304},"13":{"dtype":"number","min":108.55705053425947,"max":259.0590314456925},"14":{"dtype":"number","min":235.33745554170721,"max":621.6576459713947},"15":{"dtype":"number","min":38.005770078428995,"max":438.85756911934584},"16":{"dtype":"number","min":43.627193465770915,"max":427.57021655368436},"17":{"dtype":"number","min":48.255693606365526,"max":460.59082506231766},"18":{"dtype":"number","min":206.46997652165157,"max":660.4141033484315},"19":{"dtype":"number","min":15.162237145093627,"max":515.8484293421883},"20":{"dtype":"number","min":-6.499686630783378,"max":446.1923514637038},"21":{"dtype":"number","min":16.072321197866003,"max":566.7136967877933},"22":{"dtype":"number","min":301.7543463206013,"max":459.5301147935919},"23":{"dtype":"number","min":219.3529644086667,"max":535.6716360841743},"24":{"dtype":"number","min":246.7271643018908,"max":412.467023203809},"25":{"dtype":"number","min":205.72992881448351,"max":534.5066174458901},"26":{"dtype":"number","min":265.9204457798821,"max":599.5805151082199},"27":{"dtype":"number","min":283.11790377249514,"max":597.2420849039397},"28":{"dtype":"number","min":109.36575210511917,"max":394.3962833389698},"29":{"dtype":"number","min":251.72880773878285,"max":579.543891639561},"30":{"dtype":"number","min":191.38186265522404,"max":650.905622786585},"31":{"dtype":"number","min":375.868741640321,"max":578.9745025041038},"32":{"dtype":"number","min":59.18663885806785,"max":443.38523775687014},"33":{"dtype":"number","min":327.2072265862491,"max":569.3006689168136}},"outputs":{"0":{"dtype":"string","min":0,"max":1,"uniqueValues":["a","b","c","d","e","f","g","i"],"legend":{"a":[1,0,0,0,0,0,0,0],"b":[0,1,0,0,0,0,0,0],"c":[0,0,1,0,0,0,0,0],"d":[0,0,0,1,0,0,0,0],"e":[0,0,0,0,1,0,0,0],"f":[0,0,0,0,0,1,0,0],"g":[0,0,0,0,0,0,1,0],"i":[0,0,0,0,0,0,0,1]}}},"isNormalized":true}